id,url,score,title,author,permalink,subreddit,created_utc,num_comments
1mrshbb,https://www.reddit.com/r/Battlefield/comments/1mrshbb/i_enjoy_bf6_but_i_wouldnt_pay_75_for_it/,2,I enjoy BF6 but I wouldn't pay 75$ for it,botgtk,/r/Battlefield/comments/1mrshbb/i_enjoy_bf6_but_i_wouldnt_pay_75_for_it/,Battlefield,1755343451.0,0
1mrsfe2,https://www.reddit.com/r/Madden/comments/1mrsfe2/ps5_shutting_down/,1,PS5 shutting down?,AfraidMatch4098,/r/Madden/comments/1mrsfe2/ps5_shutting_down/,Madden,1755343296.0,0
1mrse1f,https://www.reddit.com/r/Battlefield/comments/1mrse1f/more_crashing_for_pc_players/,1,More crashing for pc players,TitanDuck21,/r/Battlefield/comments/1mrse1f/more_crashing_for_pc_players/,Battlefield,1755343187.0,0
1mrsak6,https://www.reddit.com/r/EVGA/comments/1mrsak6/3070_ftw3_icx_sensor_malfunction/,1,3070 FTW3 ICX sensor malfunction,Ginvoice,/r/EVGA/comments/1mrsak6/3070_ftw3_icx_sensor_malfunction/,EVGA,1755342899.0,0
1mrs9xl,https://www.reddit.com/r/Battlefield/comments/1mrs9xl/everyone_is_complaining_about_bf6_beta_map_sizes/,1,"Everyone is complaining about BF6 Beta map sizes, but large conquest maps are boring for many people.",LAHurricane,/r/Battlefield/comments/1mrs9xl/everyone_is_complaining_about_bf6_beta_map_sizes/,Battlefield,1755342846.0,1
1mrs990,https://www.reddit.com/r/Battlefield/comments/1mrs990/weapons_dont_feel_unique_enough/,2,Weapons don't feel unique enough?,Trotski7,/r/Battlefield/comments/1mrs990/weapons_dont_feel_unique_enough/,Battlefield,1755342789.0,2
1mrs7y4,https://www.reddit.com/r/Battlefield6/comments/1mrs7y4/my_opinion_on_the_game_right_now/,1,My opinion on the game right now,TomTheNothingMaster,/r/Battlefield6/comments/1mrs7y4/my_opinion_on_the_game_right_now/,Battlefield6,1755342678.0,3
1mrs7lj,https://www.reddit.com/r/Battlefield6/comments/1mrs7lj/chasing_little_red_diamonds/,0,Chasing little red diamonds,AlmightyL0ki,/r/Battlefield6/comments/1mrs7lj/chasing_little_red_diamonds/,Battlefield6,1755342649.0,1
1mrs70n,https://www.reddit.com/r/Battlefield/comments/1mrs70n/no_playlist_mode_aviable_in_bf6_open_beta/,1,No Playlist / Mode aviable in bf6 open beta,Gardomirror,/r/Battlefield/comments/1mrs70n/no_playlist_mode_aviable_in_bf6_open_beta/,Battlefield,1755342602.0,0
1mrs5x5,https://v.redd.it/eqwu0h9u5djf1,2,The Ammo Pouch Man,smile96uno,/r/Battlefield/comments/1mrs5x5/the_ammo_pouch_man/,Battlefield,1755342511.0,0
1mrs42t,https://www.reddit.com/r/Battlefield/comments/1mrs42t/people_complaining_in_this_sub_might_want_to/,0,People complaining in this sub might want to switch to arma or squad.,Jc-d4rkie,/r/Battlefield/comments/1mrs42t/people_complaining_in_this_sub_might_want_to/,Battlefield,1755342352.0,4
1mrs2u5,https://www.reddit.com/r/Battlefield/comments/1mrs2u5/this_is_whos_complaining_about_bf6/,0,This is who's complaining about BF6:,Either_Giraffe_3294,/r/Battlefield/comments/1mrs2u5/this_is_whos_complaining_about_bf6/,Battlefield,1755342250.0,7
1mrs206,https://www.reddit.com/r/PSNFriends/comments/1mrs206/trying_to_make_friends/,2,Trying to make friends,Due-Kaleidoscope-353,/r/PSNFriends/comments/1mrs206/trying_to_make_friends/,PSNFriends,1755342181.0,1
1mrs1f0,https://www.reddit.com/r/buildapc/comments/1mrs1f0/how_to_correctly_upgrade_a_pc/,3,How to correctly upgrade a PC,Great-British-gaming,/r/buildapc/comments/1mrs1f0/how_to_correctly_upgrade_a_pc/,buildapc,1755342135.0,3
1mrrxco,https://www.reddit.com/r/Battlefield/comments/1mrrxco/gamemodes_on_bf6/,1,Gamemodes on BF6,MonitorAggravating57,/r/Battlefield/comments/1mrrxco/gamemodes_on_bf6/,Battlefield,1755341807.0,3
1mrrx3m,/r/Battlefield/comments/1mrrwv6/two_things_would_like_to_add_to_bf6/,1,Two things would like to add to BF6,OkConstant10,/r/Battlefield6/comments/1mrrx3m/two_things_would_like_to_add_to_bf6/,Battlefield6,1755341788.0,0
1mrrwv6,https://www.reddit.com/r/Battlefield/comments/1mrrwv6/two_things_would_like_to_add_to_bf6/,0,Two things would like to add to BF6,OkConstant10,/r/Battlefield/comments/1mrrwv6/two_things_would_like_to_add_to_bf6/,Battlefield,1755341766.0,0
1mrrtnj,https://www.reddit.com/r/Battlefield/comments/1mrrtnj/does_anyone_notice_how_the_guns_have_different/,0,"Does anyone notice how the guns have different sounds (pitch, bass, treble variations) when hip-fired and aimed?",NoEgg3042,/r/Battlefield/comments/1mrrtnj/does_anyone_notice_how_the_guns_have_different/,Battlefield,1755341497.0,0
1mrrt01,https://www.reddit.com/r/Battlefield6/comments/1mrrt01/attachment_switching/,1,Attachment switching,Narrow-Ad-9012,/r/Battlefield6/comments/1mrrt01/attachment_switching/,Battlefield6,1755341443.0,1
1mrrpgi,https://www.reddit.com/r/Battlefield/comments/1mrrpgi/beta_opinions/,3,Beta Opinions ?,Bolts_Fever,/r/Battlefield/comments/1mrrpgi/beta_opinions/,Battlefield,1755341141.0,4
1mrrp6k,https://i.redd.it/aw9d97m887jf1.png,1,"Typo in german bf6 menu. ""freinlichen Kröfte"" 🤭",CultureKind,/r/typo/comments/1mrrp6k/typo_in_german_bf6_menu_freinlichen_kröfte/,typo,1755341117.0,0
1mrrovz,https://www.reddit.com/r/pchelp/comments/1mrrovz/after_enabling_secure_boost_in_bios_my_pc_boots/,1,After enabling Secure Boost in BIOS my pc boots up but monitor shows no hdmi singal,Argolides,/r/pchelp/comments/1mrrovz/after_enabling_secure_boost_in_bios_my_pc_boots/,pchelp,1755341089.0,1
1mrroi0,https://www.reddit.com/r/Battlefield6/comments/1mrroi0/im_ass/,2,I’m ass,Collegekidds,/r/Battlefield6/comments/1mrroi0/im_ass/,Battlefield6,1755341057.0,13
1mrrlg3,https://www.reddit.com/gallery/1mrrlg3,6,"Yeah man, they're totally copying that franchise's tile UI",-Quiche-,/r/Battlefield/comments/1mrrlg3/yeah_man_theyre_totally_copying_that_franchises/,Battlefield,1755340796.0,4
1mrribp,https://i.redd.it/tvlsamhk0djf1.jpeg,7,Fish Eye Effect FOV,ThumYerk,/r/ultrawidemasterrace/comments/1mrribp/fish_eye_effect_fov/,ultrawidemasterrace,1755340515.0,4
1mrri2g,https://www.reddit.com/r/Battlefield/comments/1mrri2g/bf6_isnt_worth_the_price_point/,2,Bf6 isn't worth the price point?,No_Diver3540,/r/Battlefield/comments/1mrri2g/bf6_isnt_worth_the_price_point/,Battlefield,1755340491.0,3
1mrrctv,https://www.reddit.com/r/Battlefield2/comments/1mrrctv/professional_level_designers_thoughts_on_bf6_beta/,5,Professional Level designer's thoughts on BF6 Beta map design,PaceFinancial2662,/r/Battlefield2/comments/1mrrctv/professional_level_designers_thoughts_on_bf6_beta/,Battlefield2,1755340033.0,1
1mrrcog,https://www.reddit.com/r/Battlefield/comments/1mrrcog/should_i_be_having_lagissues_with_my_current/,0,Should i be having lag/issues with my current hardware?,No-Diamond-9300,/r/Battlefield/comments/1mrrcog/should_i_be_having_lagissues_with_my_current/,Battlefield,1755340019.0,3
